<application>
  <component name="FileTypeManager" version="17">
    <extensionMap>
      <mapping pattern="tombstone_33" type="PLAIN_TEXT" />
      <mapping pattern="tombstone_48" type="PLAIN_TEXT" />
      <mapping pattern="tombstone_16" type="PLAIN_TEXT" />
      <mapping pattern="tombstone_15" type="PLAIN_TEXT" />
      <mapping pattern="tombstone_14" type="PLAIN_TEXT" />
      <mapping pattern="tombstone_29" type="PLAIN_TEXT" />
      <mapping pattern="tombstone_28" type="PLAIN_TEXT" />
      <mapping pattern="tombstone_23" type="PLAIN_TEXT" />
      <mapping pattern="tombstone_21" type="PLAIN_TEXT" />
      <mapping ext="csv" type="PLAIN_TEXT" />
      <mapping ext="data" type="PLAIN_TEXT" />
    </extensionMap>
  </component>
</application>